{
  "controller/App-dbg.controller.js": 1703695764146,
  "controller/View1.controller.js": 1704038758967,
  "model/models.js": 1703695764146,
  "manifest.json": 1704040372792,
  "controller/App.controller.js": 1703695764146,
  "Component.js": 1703695764138,
  "Component-preload.js": 1704040373143,
  "model/models-dbg.js": 1703695764146,
  "controller/View1-dbg.controller.js": 1704038758967,
  "i18n/i18n.properties": 1703695764142,
  "Component-dbg.js": 1703695764138,
  "view/View1.view.xml": 1704037930782,
  "view/App.view.xml": 1703695764150,
  "css/style.css": 1703695764150,
  "index.html": 1703695764138
}